Pages les plus populaires,Clics,Impressions,CTR,Position
https://www.carnet-de-peche.com/especes/mulet,27,1932,1.4%,9.22
https://www.carnet-de-peche.com/especes/tassergal,17,1109,1.53%,8.89
https://www.carnet-de-peche.com/especes/seiche,15,639,2.35%,7.58
https://www.carnet-de-peche.com/especes/congre,11,947,1.16%,9.32
https://www.carnet-de-peche.com/especes/maigre,9,912,0.99%,7.83
https://www.carnet-de-peche.com/especes/liche,7,430,1.63%,8.12
https://www.carnet-de-peche.com/especes/oblade,6,732,0.82%,8.77
https://www.carnet-de-peche.com/especes/rouget,5,294,1.7%,7.11
https://www.carnet-de-peche.com/especes/sar,2,243,0.82%,7.77
https://www.carnet-de-peche.com/especes/bar,1,286,0.35%,8.87
https://www.carnet-de-peche.com/especes/pageot,1,160,0.62%,7.31
https://www.carnet-de-peche.com/especes/marbre,1,128,0.78%,7.86
https://www.carnet-de-peche.com/especes/barracuda,1,121,0.83%,8.09
https://www.carnet-de-peche.com/especes/sole,1,73,1.37%,7.58
https://www.carnet-de-peche.com/especes/calmar,1,69,1.45%,7.29
https://www.carnet-de-peche.com/especes/tacaud,1,68,1.47%,7.19
https://www.carnet-de-peche.com/especes/vieille,1,58,1.72%,6.95
https://www.carnet-de-peche.com/especes/dorade-royale,1,25,4%,9.4
https://www.carnet-de-peche.com/especes/lieu-noir,0,78,0%,7.73
https://www.carnet-de-peche.com/especes/plie,0,44,0%,6.98
https://www.carnet-de-peche.com/especes/lieu-jaune,0,43,0%,8.79
https://www.carnet-de-peche.com/especes/maquereau,0,24,0%,9.17
https://www.carnet-de-peche.com/especes/merlan,0,20,0%,6.45
https://www.carnet-de-peche.com/especes/dorade-grise,0,11,0%,9.73