Requêtes les plus fréquentes,Clics,Impressions,CTR,Position
pêche tassergal surfcasting,1,5,20%,10.4
tasergal,0,275,0%,10.77
congre,0,156,0%,2.2
tassergal,0,143,0%,7.22
maille mulet,0,131,0%,6.21
maille mulet atlantique,0,75,0%,6.24
liche amie,0,56,0%,10.61
mulet poisson,0,51,0%,20.8
taille reglementaire mulet,0,34,0%,9.06
maille du mulet,0,32,0%,7.19
mulet maille,0,30,0%,5
tassergal poisson,0,30,0%,11.37
poisson mulet,0,27,0%,23.96
liche,0,23,0%,11.91
congre dent,0,20,0%,10.5
mulet poisson maille,0,18,0%,6.11
maille mulet bretagne,0,17,0%,7.53
congre taille max,0,13,0%,9.85
taille maille mulet,0,12,0%,9.58
maille congre atlantique,0,11,0%,7.82
maille tassergal,0,11,0%,9.09
maille congre,0,10,0%,10.2
congre poisson,0,10,0%,40
poisson tassergal,0,9,0%,14.44
tassergale,0,9,0%,15.56
mulet blanc,0,8,0%,67.62
taille mulet peche,0,7,0%,6
congre geant,0,6,0%,5.67
liche ami,0,6,0%,10
peche congre du bord,0,6,0%,11
bluefish poisson,0,6,0%,14.5
peche mulet pain,0,6,0%,38.33
taille mulet,0,5,0%,5
taille peche mulet,0,5,0%,7.6
banc de mulet poisson,0,5,0%,8.8
congre géant,0,5,0%,9.4
la liche amie,0,5,0%,11.2
comment pecher le mulet,0,5,0%,40.8
peche du mulet,0,5,0%,47
poisson congre,0,5,0%,54.2
poisson marbré,0,4,0%,4
pêche du tassergal à la sardine,0,4,0%,8.75
taille reglementaire du mulet,0,4,0%,9
mulet mediterranee,0,4,0%,10.75
poisson le mulet,0,4,0%,14.25
poisson mulet méditerranée,0,4,0%,16.75
pecher le mulet,0,4,0%,32
guide de pêche maigre,0,4,0%,34.75
liche poisson,0,4,0%,40.25
un congre,0,4,0%,41.25
morgate,0,3,0%,2.33
morgate poisson,0,3,0%,2.33
tacergal,0,3,0%,4
marbré poisson,0,3,0%,5
mulet taille minimum,0,3,0%,5
congre record,0,3,0%,8.33
tasargal,0,3,0%,8.33
dent congre,0,3,0%,8.67
tassergals,0,3,0%,9
congre de ligne,0,3,0%,10
comment pêcher le mulet en bord de mer,0,3,0%,12.67
rouget poisson,0,3,0%,13
gros congre,0,3,0%,20
montage pêche mulet bouchon,0,3,0%,23.67
tassergal dent,0,3,0%,25.33
guide de pêche congre,0,3,0%,31.67
le mulet poisson,0,3,0%,34.33
mulet de mer,0,3,0%,34.67
peche mulet leurre,0,3,0%,47
mulet poisson gout,0,3,0%,56
peche du congre,0,3,0%,72.67
le congre,0,3,0%,73
mulet (poisson),0,2,0%,1
la morgate,0,2,0%,2
maigre poisson,0,2,0%,2
oblade ou sar,0,2,0%,2
maille maigre atlantique,0,2,0%,2.5
taille maigre poisson,0,2,0%,3
banc de mulet,0,2,0%,9
maille mulet méditerranée,0,2,0%,9
peche du congre du bord,0,2,0%,9.5
tassergale poisson,0,2,0%,10.5
congre eau douce,0,2,0%,11
tacergale,0,2,0%,11
poisson tassergal méditerranée,0,2,0%,11.5
tassergal mediterranee,0,2,0%,12.5
un tassergal,0,2,0%,19.5
mulet peche,0,2,0%,22
montage congre,0,2,0%,22.5
séche poisson,0,2,0%,24.5
peche mulet,0,2,0%,27
leurre tassergal,0,2,0%,27.5
tassergal goût,0,2,0%,28
peche au mulet,0,2,0%,32.5
mullet poisson,0,2,0%,34.5
pecher mulet,0,2,0%,37.5
congre de mer,0,2,0%,41
le tassergal,0,2,0%,42.5
poissons mulet,0,2,0%,43.5
poisson congres,0,2,0%,44.5
congre poissons,0,2,0%,46
congres poisson,0,2,0%,49.5
poisson mullet,0,2,0%,50.5
la liche poisson,0,2,0%,51
mulets poisson,0,2,0%,51.5
les muges,0,2,0%,54.5
le muge poisson,0,2,0%,63
muge poisson de mer,0,2,0%,70
peche congre,0,2,0%,77
congre peche,0,2,0%,81.5
bar,0,1,0%,1
en mer,0,1,0%,1
mulet taille,0,1,0%,1
poisson nordique 4 lettres,0,1,0%,1
poissons mulets,0,1,0%,1
quelle epoque,0,1,0%,1
tessergal,0,1,0%,1
en corse ?,0,1,0%,2
in frankrijk?,0,1,0%,2
l'oblade,0,1,0%,2
liche glauque,0,1,0%,2
maille pageot,0,1,0%,2
montage congre surfcasting,0,1,0%,2
morgatte,0,1,0%,2
poisson liche amie,0,1,0%,2
poisson oblade,0,1,0%,2
recette de mulet,0,1,0%,2
saison des calamars en france,0,1,0%,2
trinite,0,1,0%,2
appat peche mulet,0,1,0%,3
appât mulet,0,1,0%,3
cest en france,0,1,0%,3
liche monstre,0,1,0%,3
palometon,0,1,0%,3
poisson liche photo,0,1,0%,3
poisson maigre taille,0,1,0%,3
quelle taille,0,1,0%,3
le mulet,0,1,0%,4
embouchure du rhône,0,1,0%,5
maille poisson atlantique,0,1,0%,5
oui,0,1,0%,5
maille poisson atlantique 2026,0,1,0%,6
sèche mer,0,1,0%,6
cong poisson,0,1,0%,7
lesse poisson,0,1,0%,7
rougé poisson,0,1,0%,7
congre taille reglementaire,0,1,0%,8
tergal poisson,0,1,0%,8
congre maille,0,1,0%,9
liches poisson,0,1,0%,9
mulet poisson bretagne,0,1,0%,9
poisson tasergale,0,1,0%,9
tassergal petit,0,1,0%,9
congre bretagne,0,1,0%,10
le poisson pageot,0,1,0%,10
liche poisson prix,0,1,0%,10
maigre de méditerranée,0,1,0%,10
tassegal,0,1,0%,10
espèces de mulet poisson,0,1,0%,11
le marbré poisson,0,1,0%,11
le pageot,0,1,0%,11
mugil spp.,0,1,0%,11
mulet de méditerranée,0,1,0%,11
mulet lippu,0,1,0%,11
peche tassergal mediterranee,0,1,0%,11
poisson mulet taille,0,1,0%,11
pêche au congre de nuit,0,1,0%,11
taille rouget,0,1,0%,11
taille rouget barbet,0,1,0%,11
tassergal record,0,1,0%,11
congre arrete ou pas,0,1,0%,12
la liche,0,1,0%,12
mulet poisson port,0,1,0%,12
tassergal taille,0,1,0%,12
bluefish,0,1,0%,13
liche animal,0,1,0%,13
mulet pousson,0,1,0%,13
meeräschen,0,1,0%,15
peche tassergal,0,1,0%,22
mulet poisson taille,0,1,0%,32
pecher le congre,0,1,0%,32
congre taille,0,1,0%,33
serre poisson,0,1,0%,36
montage tassergal,0,1,0%,37
pêche mulet,0,1,0%,37
montage peche mulet,0,1,0%,38
tassergal morsure,0,1,0%,40
le congre poisson,0,1,0%,41
poisson le congre,0,1,0%,41
mule poisson,0,1,0%,42
un congre poisson,0,1,0%,42
congre mediterranee,0,1,0%,43
congre dangereux,0,1,0%,45
mulet ou bar,0,1,0%,45
montage peche au mulet,0,1,0%,46
peche du mulet au leurre,0,1,0%,46
mulet de loire,0,1,0%,47
pain chaillou mulet,0,1,0%,48
tassergal attaque,0,1,0%,50
mulet poisson de mer,0,1,0%,51
poisson serre,0,1,0%,51
mulet sauteur,0,1,0%,53
congre morsure,0,1,0%,54
leurre mulet,0,1,0%,54
mulet au leurre,0,1,0%,56
meuille,0,1,0%,58
montage peche mulet pain,0,1,0%,60
mulet noir poisson,0,1,0%,62
kongre poisson,0,1,0%,63
poisson mulet blanc,0,1,0%,64
kong poisson,0,1,0%,66
combre poisson,0,1,0%,69
poisson kong,0,1,0%,69
muge poisson,0,1,0%,70
muge de mer,0,1,0%,72
choisir equipement pecher seiche,0,1,0%,74
mulet porc,0,1,0%,77
peche au congre,0,1,0%,78
mulet cabot,0,1,0%,80
conger conger,0,1,0%,94
anguille congre,0,1,0%,99